Organization Name,Website
Lockheed Martin,http://www.lockheedmartin.com
CrowdStrike,http://www.crowdstrike.com
Shape Security,https://www.shapesecurity.com
Symantec,https://www.symantec.com/
Cybereason,http://www.cybereason.com
Lacework,https://www.lacework.com/
Zscaler,https://www.zscaler.com/
Motorola Solutions,http://www.motorolasolutions.com
FireEye,https://www.fireeye.com/
HashiCorp,https://www.hashicorp.com
Yubico,http://www.yubico.com
ZingBox,http://www.zingbox.com
Cofense,https://cofense.com
Darktrace,https://www.darktrace.com/
Exabeam,http://www.exabeam.com/
Remediant,https://www.remediant.com
Expanse,https://www.expanse.co
Bitdefender,http://www.bitdefender.com
SecurityScorecard,https://securityscorecard.com/
Netskope,https://www.netskope.com
Lookout,http://www.lookout.com
SentinelOne,http://www.sentinelone.com
Illumio,http://www.illumio.com
Aqua Security,https://www.aquasec.com
ForgeRock,http://www.forgerock.com
Recorded Future,http://www.recordedfuture.com/
Protenus,https://www.protenus.com
Agari,https://www.agari.com/
BitSight,https://www.bitsight.com/
Dragos,https://www.dragos.com/
Cequence Security,https://www.cequence.ai/
ForeScout Technologies,http://www.forescout.com
SecureWorks,http://www.secureworks.com
CipherTrace,https://ciphertrace.com
StackRox,http://www.stackrox.com
Venafi,http://www.venafi.com
Veriflow,http://veriflow.net
Bugcrowd,https://bugcrowd.com
Code42,http://www.code42.com
Cylance,https://www.cylance.com
Anomali,https://www.anomali.com
BT,http://www.btplc.com/
Cymmetria,http://www.cymmetria.com/
Arctic Wolf Networks,http://arcticwolf.com
Claroty,https://www.claroty.com/
AU10TIX,http://www.au10tix.com
Tessian,http://www.tessian.com/
Kaseya,http://www.kaseya.com
BitMEX,https://www.bitmex.com
Synack,http://www.synack.com
Eclypsium,http://www.eclypsium.com
Signal Sciences,https://www.signalsciences.com/
Vectra AI,https://vectra.ai/
Telegram Messenger,http://telegram.org
Cyware Labs,https://cyware.com/
SparkCognition,http://sparkcognition.com
SafeBreach,http://www.safebreach.com/
Boundary,https://boundary.co.uk
PreVeil,https://www.preveil.com
Contrast Security,https://www.contrastsecurity.com
tCell,https://www.tcell.io/
Awake Security,http://www.awakesecurity.com
Ledger,http://www.ledger.fr
Teralytics,http://www.teralytics.net
JASK,https://jask.com/
Onapsis,http://www.onapsis.com
VMRay,https://www.vmray.com
Cynet,https://www.cynet.com/
Palo Alto Networks,http://www.paloaltonetworks.com
Trapp Technology,https://trapptechnology.com
ThetaRay,http://www.thetaray.com
RiskIQ,https://www.riskiq.com
Digital Shadows,https://www.digitalshadows.com
Privitar,http://www.privitar.com
Digital Guardian,https://digitalguardian.com/
DivvyCloud,https://divvycloud.com
Heliocor,https://heliocor.com/
Instart,https://www.instartlogic.com
Duo Security,https://www.duo.com
eSentire,https://www.esentire.com/
Skybox Security,https://www.skyboxsecurity.com/
"Valimail, Inc.",https://www.valimail.com
Fireblocks,https://www.fireblocks.com/
CyberGRX,https://www.cybergrx.com
Illusive Networks,http://illusivenetworks.com/
Corelight,https://www.corelight.com/
Karamba Security,https://karambasecurity.com/
CyberArk Software,http://www.cyberark.com
ADT Security,http://www.adt.com
CyberX,http://www.cyberx-labs.com
IntSights,https://intsights.com/
BioCatch,http://biocatch.com
"GoSecure, Inc. (formerly known as CounterTack)",http://www.gosecure.net
XM Cyber,https://xmcyber.com
AppViewX,https://www.appviewx.com
BlueVoyant,https://www.bluevoyant.com/
Arkose Labs,https://www.arkoselabs.com/
Indegy,http://www.indegy.com/
WhiteHat Security,http://www.whitehatsec.com
Sqreen,https://www.sqreen.com/
TrapX Security,http://trapx.com/
ClearDATA,https://www.cleardata.com/
HYPR,https://www.hypr.com/
ObserveIT,http://www.observeit.com
Ionic Security,https://ionicsecurity.com/
Vera,http://www.vera.com
ThreatMetrix,https://www.threatmetrix.com/
StackPath,https://www.stackpath.com/
Wallarm,https://wallarm.com
ExtraHop,http://www.extrahop.com
ProtonMail,https://protonmail.com/
Flashpoint,https://www.flashpoint-intel.com
Securonix,http://www.securonix.com
Perimeter 81,https://www.perimeter81.com
Deep Instinct,http://www.deepinstinct.com
Transmit Security,http://www.transmitsecurity.com
Siemplify,http://www.siemplify.co
NS8,https://www.ns8.com
Veracode,http://www.veracode.com
Expel,http://expel.io/
BlueTalon,http://bluetalon.com
Good Technology,http://www.good.com
Immersive Labs,https://immersivelabs.com/
Armorblox,https://www.armorblox.com
Callsign,http://www.callsign.com
Cyberbit,https://www.cyberbit.com
RedSeal,https://www.redseal.net/
Experian,https://www.experian.com/
RiskRecon,https://www.riskrecon.com/
Area 1 Security,https://www.area1security.com/
Trinity Cyber,https://www.trinitycyber.com
CipherCloud,http://www.ciphercloud.com
Castle,https://castle.io
iboss,https://www.iboss.com
enSilo,https://www.ensilo.com/
Bromium,http://www.bromium.com
CloudKnox Security,http://www.cloudknox.io
LookingGlass Cyber Solutions,http://www.lookingglasscyber.com
White Ops,http://www.whiteops.com
Morphisec,http://www.morphisec.com/
ReversingLabs,http://www.reversinglabs.com/
Skyhigh Networks,http://www.skyhighnetworks.com
Trustpair,https://www.trustpair.fr/
Tala Security,https://www.talasecurity.io/
BlackDuck,http://www.blackducksoftware.com
WISeKey,http://www.wisekey.com
Mocana,http://www.mocana.com
ProtectWise,http://www.protectwise.com
Red Canary,https://www.redcanary.com/
ZeroNorth,http://www.zeronorth.io
Verodin,https://verodin.com
CloudPassage,https://www.cloudpassage.com
Silverfort,https://www.silverfort.io
Evident,https://www.evidentid.com/
Seclore,http://www.seclore.com
GreatHorn,http://www.greathorn.com
Armor,http://www.armor.com
ThreatQuotient,https://www.threatq.com/
Obsidian Security,https://www.obsidiansecurity.com/
Argus Cyber Security,http://www.argus-sec.com
Secret Double Octopus,http://doubleoctopus.com/
Ensighten,https://www.ensighten.com/
Medigate,https://www.medigate.io/
Athena Security,http://athena-security.com
Evident.io,http://evident.io
Patientory,http://patientory.com/
HyTrust,http://www.hytrust.com
LogicHub,http://www.logichub.com/
DUST Identity,https://dustidentity.com/
Bishop Fox,http://www.bishopfox.com/
Respond Software,https://respond-software.com/
Fidelis Cybersecurity,https://www.fidelissecurity.com/
"SpyCloud, Inc.",https://spycloud.com
Stellar Cyber,https://www.stellarcyber.ai
Cymulate,https://www.cymulate.com/
Trusona,http://www.trusona.com
Ordr,https://ordr.net/
Akamai Technologies,http://www.akamai.com
NSO Group,http://www.nsogroup.com
EclecticIQ,https://www.eclecticiq.com/
Dtex Systems,https://www.dtexsystems.com/
RiskSense,https://www.risksense.com/
PeerNova,http://peernova.com/
Panaseer,http://panaseer.com
UnitedLex,http://www.unitedlex.com
Salt Security,https://salt.security/
Insight Engines,https://insightengines.com/
Hysolate,https://www.hysolate.com
Virsec,http://virsec.com/
Defendify,https://www.defendify.io/
NowSecure,http://www.nowsecure.com
Team8,http://www.team8.vc
RiskLens,http://www.risklens.com
WireWheel.io,http://www.wirewheel.io
Evercompliant,http://www.evercompliant.com/
Liaison Technologies,http://www.liaison.com
4iQ,https://4iq.com/
Zeguro,https://www.zeguro.com/
Inpher.io,http://www.inpher.io/
UpGuard,https://www.upguard.com/
FRISS,https://www.friss.com/
CyberSmart,https://cybersmart.co.uk
Huntress Labs,https://huntress.com
Responsible Cyber Pte. Ltd.,https://www.responsible-cyber.com
Alcide,http://www.alcide.io
Wombat Security Technologies,http://www.wombatsecurity.com
ZIVVER,https://www.zivver.eu
Unbound Tech,https://www.unboundtech.com
Prevoty,https://www.imperva.com/
Vulcan Cyber,https://vulcancyber.com/
Luma,http://getluma.com
Simudyne,https://www.simudyne.com
DefenseStorm,https://www.defensestorm.com/
SlashNext,https://www.slashnext.com/
Skycure,http://www.skycure.com
Secure Code Warrior,https://securecodewarrior.com/
Garrison Technology,https://www.garrison.com/
Paladion,http://paladion.net
XAIN,https://www.xain.io
Bastille Networks Internet Security,https://www.bastille.net
"LockPath, Inc.",http://lockpath.com/
Sixgill,http://cybersixgill.com/
Cybrary,http://www.cybrary.it
Cmd,https://cmd.com/
InAuth,http://www.inauth.com
Senseon,https://www.senseon.io
Dataguise,http://www.dataguise.com
Prevailion,http://prevailion.com/
Bricata,http://www.bricata.com/
SecuredTouch,http://www.securedtouch.com/
Shift5,https://shift5.io/
Interset,http://interset.ai
Terbium Labs,http://terbiumlabs.com/
Upstream Security,http://www.upstream.auto
PlainID,http://plainid.com/
Versive,http://www.versive.com
AimBrain,https://aimbrain.com/
PureSec,https://www.puresec.io/
Automox,https://www.automox.com/
Critical Start,https://www.criticalstart.com/
Alsid,https://www.alsid.com
Intezer,http://www.intezer.com
Voatz,https://voatz.com
Nyotron,http://www.nyotron.com
Averon,http://www.averon.com
Wootcloud,https://www.wootcloud.com/
"Eagle Eye Networks, Inc.",https://ww.een.com
Curv,https://www.curv.co/
NodeSource,https://nodesource.com/
NsKnox,https://www.nsknox.net/
"Baffle, Inc.",http://baffle.io/
360 Enterprise Security Group,http://www.360.net/en
Cervello,https://www.cervellosec.com
Sqrrl,http://www.sqrrl.com
PSafe Technology,http://www.psafe.com
NormShield,https://www.normshield.com
Panorays,https://panorays.com/
SAM Seamless Network,https://www.securingsam.com
SafeGuard Cyber,https://www.safeguardcyber.com/
Trackforce,http://www.trackforce.com
Polyverse,https://polyverse.io/
NSS Labs,http://www.nsslabs.com
Quantstamp,https://quantstamp.com/
Red Balloon Security,http://www.redballoonsecurity.com/
NXM LABS INC.,https://www.nxmlabs.com
UltraSoC Technologies,http://www.ultrasoc.com
Radiflow,http://www.radiflow.com/
TAC Security,https://tacsecurity.co.in
ClearBlade,http://www.clearblade.com
Cylus,http://www.cylus.com
PROFICIO,http://www.proficio.com
Hunters.AI,https://www.hunters.ai
Rsam,http://www.rsam.com
Aware,https://www.awarehq.com/
SCADAfence,http://www.scadafence.com
Blueliv,http://blueliv.com
Ayehu Software Technologies,http://www.ayehu.com
Lucideus,http://lucideus.com/
Kratos Defense and Security Solutions,http://www.kratosdefense.com
doxo,http://www.doxo.com
Bandura,https://banduracyber.com/
Brighter AI Technologies,https://www.brighter.ai/?crunchbase=yes
Webroot,https://www.webroot.com/us/en
LightCyber,http://www.lightcyber.com
Horangi,https://horangi.com
Barkly,http://www.barkly.com/
NetGuardians,http://www.netguardians.ch/
Perception Point,http://www.perception-point.io
nanopay,http://www.nanopay.net
Everspin,http://www.everspin.global
Ziften Technologies,https://www.ziften.com
CUJO AI,http://www.cujo.com
TypingDNA,https://www.typingdna.com
Cymatic.io,https://cymatic.io
Cylera,http://cylera.com/
iSIGHT Partners,http://www.isightpartners.com
Cynerio,https://www.cynerio.co
QWANT,http://www.qwant.com
Cyscale,https://cyscale.com/
Infisecure Technologies,http://www.infisecure.com
Cygilant,https://www.cygilant.com
Blackwatch Digital,http://blackwatchdigital.com/
Fireglass,http://fire.glass/
Anitian,https://www.anitian.com/
MistNet.ai,https://www.mistnet.ai
CybSafe,http://www.cybsafe.com
CybeReady,http://www.cybeready.com
TruSTAR,https://www.trustar.co/
Gospel Technology,http://gospel.tech
"Bayshore Networks, Inc.",http://bayshorenetworks.com
Infocyte,http://www.infocyte.com
NuCypher,https://nucypher.com/
Gate.io,https://www.gate.io/
Uniken,http://uniken.com/
Censys,https://censys.io/
Bluefin Payment Systems,http://www.Bluefin.com
Clearedin,https://www.clearedin.com
Liongard,https://www.liongard.com
Securrency,https://securrency.com/
StrongKey,https://www.strongkey.com/
Inky,https://inky.com
Rubica,http://www.rubica.com
Ockam,https://www.ockam.io
Source Defense,http://sourcedefense.com/
Hexadite,http://www.hexadite.com/
SafeToNet,http://safetonet.com/
AppOmni,https://appomni.com/
Devcon Detect,http://www.devcondetect.com/
AccessData,http://www.accessdata.com
Vidder Inc.,http://www.vidder.com
Centripetal Networks,http://www.centripetalnetworks.com/
TableSafe,https://www.tablesafe.com/
DFLabs,http://www.dflabs.com
ISARA Corporation,https://www.isara.com
Zenedge,https://www.zenedge.com
"MagicCube, Inc.",http://www.magiccube.co
Exonar,https://www.exonar.com/
CI Security,https://ci.security/
deepwatch,https://www.deepwatch.com
Votiro,http://www.votiro.com/
HYAS InfoSec,http://www.hyas.com
Solebit,http://www.solebit.io
Clickatell,http://www.clickatell.com
Corax,http://coraxcyber.com
DataDome,https://datadome.co/
Digital Management,http://dminc.com
Cyberinc,https://cyberinc.com/
NuID,https://nuid.io/
Nethone,http://www.nethone.com
Minerva Labs,http://www.minerva-labs.com/
MinerEye,http://minereye.com/
Bitium,http://bitium.com
Kaymera Technologies,http://www.kaymera.com
Everywhere Communications,http://www.everywherecomms.com/
MWR InfoSecurity,http://www.mwrinfosecurity.com
PacketSled,http://www.packetsled.com
MedStack,http://medstack.co
QuintessenceLabs,https://www.quintessencelabs.com/
1Password,https://1password.com
Group-IB,http://www.group-ib.com/
Cytegic,http://www.cytegic.com/
AnChain.ai,http://www.AnChain.ai
Cyber Observer,http://www.cyber-observer.com/
Meta Networks,https://www.metanetworks.com
Authy,http://www.authy.com
Perch Security,https://www.perchsecurity.com
Damballa,http://www.damballa.com
Pwnie Express,http://pwnieexpress.com
Imagen Ltd,http://www.imagenevp.com
Ripjar,https://ripjar.com
Uplevel Security,http://www.uplevelsecurity.com/
CyCraft,https://www.cycraft.com/
Red Sift,https://redsift.com/
Jscrambler,https://jscrambler.com/
Cyberwrite,http://www.cyberwrite.com
PAS,https://www.pas.com/
ReSec Technologies,http://www.resec.co
C2A Security,https://www.c2a-sec.com/
HexaTier,http://www.hexatier.com
Echosec,http://echosec.net
"Zettaset, Inc.",http://www.zettaset.com
Kindite,http://www.kindite.com/
buguroo,http://buguroo.com/
InteliSecure,https://www.intelisecure.com/
Glasswall Solutions,https://www.glasswallsolutions.com
Kaspersky Lab,http://www.kaspersky.com
Network Intelligence India Pvt. Ltd.,https://www.niiconsulting.com
Apozy,https://www.apozy.com
DarkOwl,https://www.darkowl.com/
SecurityMatters,https://www.secmatters.com
ID Experts,http://www2.idexpertscorp.com/
Spinbackup,https://spinbackup.com
Cyvera,http://cyvera.com
Axiomatics,http://www.axiomatics.com
HanSight,http://www.HanSight.com
Alpin,https://alpin.io/
ThreatBook,https://www.threatbook.cn/
RangeForce,https://rangeforce.com
K2 Cyber Security,http://k2io.com/
Whistic,https://www.whistic.com/
CyberHat,http://www.cyberhat.co.il
"Monarx, Inc.",http://www.monarx.com
CyberSaint Security,https://www.cybersaint.io
Kasada,https://www.kasada.io/
Allure Security Technology,http://www.alluresecurity.com
Dealroom.co,http://dealroom.co
BitDam,http://www.bitdam.com/
GrammaTech,http://www.grammatech.com
Post-Quantum,https://www.post-quantum.com/
GigaTrust,http://www.gigatrust.com
SEWORKS,https://se.works/
Netography,https://netography.com/
Suavei,https://suavei.com/
Tyfone,http://tyfone.com
Sentinel Protocol,https://sentinelprotocol.io/
GEOSATIS,https://geo-satis.com/
Kela Group,https://site.ke-la.com/
CounterCraft,https://www.countercraft.eu
WealthArc,http://www.wealtharc.com
Syncurity,https://www.syncurity.net/
CYFIRMA,http://cyfirma.com/
Polyrize,https://www.polyrize.com/
Norse,http://www.norse-corp.com
CleanCloud,http://www.cleancloud.com.br
Crypta Labs,http://www.cryptalabs.com/
Ontic Technologies,https://www.ontic.ai
Zerv,https://zervinc.com
Dover Microsystems,https://dovermicrosystems.com/
Zentera Systems,http://zentera.net/
Smart Protection,https://smartprotection.com
Picus Security,https://www.picussecurity.com
empow cyber security,http://www.empownetworks.com/
Cyberhaven,https://cyberhaven.io
Teramind,http://www.teramind.co
ORock Technologies,http://www.orocktech.com
Cyabra,https://www.cyabra.com
Minim,http://www.minim.co/
SS8 Networks,http://www.ss8.com
KeepIt,https://www.keepit.com
Lazy Lantern,https://www.lazylantern.com/
Fortinet,http://www.fortinet.com
Covr Security AB,https://www.covrsecurity.com/
Tortuga logic,http://www.tortugalogic.com/
Virgil Security,http://virgilsecurity.com
Unitrends,http://www.unitrends.com
Mission Secure,http://www.missionsecure.com
Encoding.com,http://encoding.com
Cybeats Technologies,https://www.cybeats.com
VIDA,http://getvida.io
Securicy,https://www.securicy.com/
Trustifi,https://trustifi.com
River Security,https://www.riversecurity.com.cn/
APERIO Systems,http://www.aperio-systems.com/
Haystax Technology,http://www.haystax.com
VU Security,http://www.vusecurity.com
Quantum Xchange,https://quantumxc.com/
CYR3CON,https://cyr3con.ai
NanoLock Security Ltd,https://www.nanolocksecurity.com/
@RISK Technologies,http://atrisktech.com
CENTRI,https://www.centritechnology.com
Hack The Box,https://www.hackthebox.eu
Voiro,https://www.voiro.com/
Nuweba,https://www.nuweba.com/
SCYTHE,https://www.scythe.io
CSI,https://www.csiltd.co.uk/
Secucloud,http://secucloud.com
Podium Data,http://www.podiumdata.com/
Axio Global,http://www.axio.com/
"ShieldIO, Inc.",http://www.shieldio.com
I BLADES,http://i-blades.com/
DB CyberTech,https://www.dbcybertech.com/
ShieldSquare,http://www.shieldsquare.com
Threatcare,https://www.threatcare.com/
Voltage Security,http://www.voltage.com/technology/ibe.htm
Booz Allen Hamilton,http://www.boozallen.com
Remme,https://www.remme.io
ImmuniWeb,https://www.immuniweb.com
Easy Solutions,http://www.easysol.net
United States Navy,http://www.navy.mil/
DataVisor,http://www.datavisor.com/
Spherical Defence Labs,http://sphericaldefence.com
LogDog,http://www.GetLogDog.com
CESPPA,https://www.cesppa.com
Trusfort,http://www.trusfort.com
Chaitin Tech,https://chaitin.cn
Gladius,https://gladius.io
Rubicon Labs,http://rubiconlabs.io
imVision Technologies,http://www.imvisiontech.com
Circadence,https://www.circadence.com/
Lumeta Corporation,http://www.lumeta.com
Guidance Software,http://www.guidancesoftware.com
PaymentWorks,https://www.paymentworks.com/
Morphick Cyber Security,http://www.Morphick.com
Avocado Systems,http://www.avocadosystems.net
Sedicii,https://www.sedicii.com
Securiti.ai,https://www.securiti.ai/
Javelin Networks,http://javelin-networks.com/
iS5 Communications,http://www.is5com.com/
Kobalt,https://kobalt.io
Spikes Security,http://www.spikes.com
L7 Defense,http://www.l7defense.com
Verint Systems,http://verint.com
Protected Media,https://www.protected.media/
CyGov,http://www.cygov.co
Byos,https://byos.io
Cosmian,https://cosmian.com/
Guardian Firewall,https://guardianapp.com
TokenEx,https://www.tokenex.com
MessageControl,https://www.messagecontrol.com
UnboundID,http://www.unboundid.com
Graphistry,https://www.graphistry.com/
pCloud,https://www.pcloud.com
RepKnight Ltd,https://www.repknight.com/
StrongBlock,https://strongblock.io
Visual Threat,https://www.visualthreat.com/index.action
GATE,http://www.poweredbygate.com
Corero Network Security,http://www.corero.com/
Probely,https://probely.com/
WireX Systems,http://wirexsystems.com/
Certes Networks,http://certesnetworks.com/
FirstPoint Mobile Guard,https://www.firstpoint-mg.com/
Sweepatic,https://www.sweepatic.com/
Preclusio,https://www.preclus.io/
Suspect Technologies,http://www.suspecttech.com/
ChameleonX,https://chameleonx.com
Case.one,http://case.one
Menlo Security,https://www.menlosecurity.com/
Keezel,https://keezel.co
NexDefense,http://nexdefense.com
GoDaddy,http://godaddy.com
Intruder,https://www.intruder.io/
Purism,https://puri.sm/
Cog,https://cog.systems/
SIGA OT Solutions,http://www.sigasec.com
Check Point Software Technologies,http://www.checkpoint.com
DisruptOPS,http://www.disruptops.com
Thales Group,http://www.thalesgroup.com
BrandShield,http://brandshield.com
SecureSet,https://www.secureset.com
ThreatSTOP,http://www.threatstop.com
SIEMonster,https://siemonster.com/
Kriptos,https://www.kriptos.io/
Digital Fingerprints,http://fingerprints.digital
"Conjur, Inc.",http://www.conjur.com
Apptega,https://www.apptega.com
RevBits,https://www.revbits.com
Delta Risk,http://www.deltarisk.com
Dark Cubed,https://www.darkcubed.com
Blackpoint Holdings,https://www.blackpointcyber.com/
Armis Security,https://www.armis.com/
Olympus Sky Technologies,http://www.olympussky.com/
Cronus Cyber Technologies,https://cronus-cyber.com/
Penten,https://www.penten.com/
Citizen,https://this.citizen.is/
Encode,http://www.encodegroup.com
SaferVPN,http://www.safervpn.com
Lacoon Mobile Security,http://lacoon.com
ThreatSwitch,https://www.threatswitch.com/
SysCloud,https://www.syscloud.com/
IMMUNIO,https://www.immun.io
SSH Communication Security,http://www.ssh.com/
root9B,https://www.root9b.com/
WebLife Balance,http://www.weblife.io
Keyp,https://keyp.io
Nozomi Networks,http://nozominetworks.com/
Cyberfend,https://cyberfend.com/
Cybertonica,https://www.cybertonica.com/
Onegini,https://www.onegini.com
MegaPath,http://megapath.com
Rhebo,http://rhebo.com/en/
CyberOwl,http://www.cyberowl.io/
Sixgen,http://www.sixgenllc.com
Futurae,https://futurae.com/
Metazoa,https://www.metazoa.com/
Fortanix,https://www.fortanix.com
Emerging Threats,http://www.emergingthreats.net
ReaQta,https://reaqta.com
RunSafe Security,https://www.runsafesecurity.com/
Criptext,http://www.criptext.com
YesWeHack,https://yeswehack.com
XOR Data Exchange,https://xor.exchange/
DBS Bank,https://www.dbs.com
Demisto,https://www.demisto.com/
Graphite Software,http://www.graphitesoftware.com
Infinidome LTD (GPSDOME),http://www.infinidome.com
VST Enterprises,https://vstenterprises.com/
SecureRF Corporation,http://www.SecureRF.com
Pixm,https://www.pixm.net
NewSky Security,http://www.newskysecurity.com
Ataata,http://www.ataata.com
Phantom,http://phantom.us/
SpeakIn,https://www.speakin.mobi/
Ostendio,http://www.ostendio.com
SixThirty CYBER,https://sixthirtycyber.com/
SurfWatch Labs,https://www.surfwatchlabs.com
"MegaHoot, LLC",http://www.megahoot.com
Sookasa,http://www.sookasa.com
Vicarius,https://vicarius.io
SecureSky,https://securesky.com/
Graphus,https://graphus.ai
Caspida,http://www.caspida.com
Tangram Flex,https://www.tangramflex.com/
Fhoosh,https://www.fhoosh.com/
TechProcess Solutions,http://www.techprocess.co.in
Bangcle Security,https://www.bangcle.com
Hdiv Security,https://hdivsecurity.com
MKACyber,https://mkacyber.io/
One World Identity ('OWI'),http://www.oneworldidentity.com/
SaltDNA,http://www.saltdna.com/
Zyston,http://www.zyston.com
Cypherpath Inc.,http://www.cypherpath.com
Wurldtech,http://www.wurldtech.com/
Cyberlytic,http://www.cyberlytic.com/
burstIQ,http://burstiq.com
PolyPort,https://polyport.io
Insikt Intelligence,http://www.insiktintelligence.com/
Hideez Group Inc,http://hideez.com
Secure Channels,http://www.securechannels.com/
LaunchKey,https://launchkey.com
MedBlox,https://medblox.io
RedSocks Security,http://www.redsocks.eu/
Cyemptive Technologies,http://www.cyemptive.com/
Chainvine,https://www.chainvine.com
GroupSense,http://groupsense.io
Observable Networks,http://obsrvbl.com
"HashRabbit, Inc.",https://hashrabbit.com/
Uniregistry,http://uniregistry.com
IronNet Cybersecurity,http://ironnetcyber.com
"Sovereign Intelligence, LLC",http://www.sovereign.ai
harvest.ai,http://harvest.ai/
Balabit,https://career.balabit.com/
IDSS Holdings,http://www.idsscorp.net
Aporeto,https://aporeto.com
Maxxsure,http://www.maxxsure.com
ATAR Labs,http://www.atarlabs.io/
Netgain Technology,https://netgaincloud.com/
Cocon,https://cocon-corporation.com/
Enigmedia,https://enigmedia.es
IDenfy,https://www.idenfy.com/
Zencoder,http://zencoder.com
StealthMail,https://stealthmail.com
QuickLaunch,http://www.quicklaunchsso.com/
Alias Robotics,https://www.aliasrobotics.com
Neokami,http://www.neokami.com
Tigera,https://www.tigera.io/
Chino.io,https://www.chino.io
Anchor ID,http://anchorid.com
Cryptosense,http://cryptosense.com/
Blue Hexagon,http://bluehexagon.ai/
Phosphorus,http://www.phosphorus.io
RazorSecure,http://www.razorsecure.com
Foreseeti,https://www.foreseeti.com/
Exein,https://www.exein.io/
RANK Software,http://www.ranksoftwareinc.com
ProcessBolt,https://processbolt.com/
Wivity Inc.,https://wivity.com
RhodeCode,https://rhodecode.com
MaidSafe,https://safenetwork.tech/
Tall Poppy,https://tallpoppy.io/
edgescan,https://www.edgescan.com
ICSEC,http://www.icsec.pl
Securepush LTD,http://www.securepush.com
HyperQube,https://hyperqube.io/
WebID Solutions,https://www.webid-solutions.de/en
Electronic Warfare Associates,http://www.ewa.com/
Citalid Cybersecurity,https://www.citalid.com/
Datashield,http://datashieldprotect.com
TrustInSoft,http://trust-in-soft.com
Porticor Cloud Security,http://www.porticor.com
CyberDirekt,https://www.cyberdirekt.de
ODI,https://www.odi-x.com
SecurityGate,https://www.securitygate.io
MyPermissions,http://mypermissions.com
Ezdan Holding,http://www.ezdanholding.qa/
Intensity Analytics Corporation,http://www.intensityanalytics.com
Blue Sentry,http://bluesentryit.com
TIG,http://www.tig.co.uk
Banco Santander,http://www.santander.com
Openpath,https://www.openpath.com
i2Chain,https://www.i2chain.net
Statice,https://www.statice.ai/
Cyberus Labs,https://www.cyberuslabs.com/
TopSpin Security,http://www.topspinsec.com/
Halon Security,http://www.halon.io
Authoreon.io,https://www.authoreon.io
Kalepso,https://www.kalepso.com
VeriClouds,http://www.vericlouds.com
Qredo,https://qredo.com/
AppsCo Inc,http://www.appsco.com
Corsha,http://www.corsha.com
Uponit,http://uponit.com
ITrust,http://www.itrust.fr/en/
Verifyoo,http://www.verifyoo.com
Bionema,https://bionema.com/
Defense.Net,http://defense.net
Continuum Security SL,https://www.continuumsecurity.net
ID Watchdog,http://www.idwatchdog.com
ResponSight,https://www.responsight.com/
IsItYou,http://www.isityou-online.com/
TELOS,http://www.telos.com
Beetles Cyber Security Ltd.,https://beetles.io/
Swascan,http://www.swascan.com/
Workday Ventures,https://ventures.workday.com/
F-Secure,http://www.f-secure.com
Authomate,http://www.authomate.com/
Abusix,http://abusix.com
Galaxkey,https://www.galaxkey.com
ArcusTeam,https://www.arcusteam.com/
Israel Tech Challenge,http://www.itc.tech
krypt.co,https://krypt.co
Federacy,https://www.federacy.com/#top
Ironclad Encryption,https://ironcladencryption.com/
Atomicorp,http://www.atomicorp.com/
Trustwave Holdings,http://trustwave.com
Goldilock,https://www.goldilock.com
SenSage,http://www.sensage.com
Beauceron Security,https://www.beauceronsecurity.com
Revolutionary Security,https://www.rev-sec.com
DataLocker,http://www.datalocker.com
seald,https://www.seald.io/
CryptoMove,https://www.cryptomove.com
Wire,https://wire.com/
Efflux Systems,http://www.effluxsystems.com/
keychain,http://keychain.jp/eng
Enginsight,https://enginsight.com
AppThwack,https://appthwack.com
Absio,http://absio.com
iTrust,https://www.itrustinc.com
Smart Screen,https://www.smartscreen.tech
Red Piranha,https://redpiranha.net/
SafeTalpa,https://www.safetalpa.com/
Globalnetworks,http://gn-inc.com/
Drawbridge Networks,http://www.drawbridgenetworks.com
Raven Spatial,https://www.ravenspatial.com/
Hut Six Security,https://www.hutsix.io/
Kapalya,http://www.kapalya.com/
CloudCover,http://cloudcover.net
Preempt Security,https://www.preempt.com/
Omninet,http://www.mydigitalshield.com/
CodeGuard,https://www.codeguard.com
ThinkSmart,http://www.thinksmartone.com
Untethered Labs,http://www.gkchain.com
ObjectSecurity,http://www.objectsecurity.com
Octane5 International,http://octane5.com
MyDocSafe,https://www.mydocsafe.com
Digital Risks,https://www.digitalrisks.co.uk/
Komand,https://www.komand.com
Eperi,http://eperi.de
STG Group,http://ir.stg.com
CyberInt,http://www.cyberint.com
Debricked,https://debricked.com
Cryptonite NXT,http://cryptonitenxt.com
Avatao,https://www.avatao.com
NUTS Technologies Inc.,https://nutstechnologies.com/
AARP,http://www.aarp.org
AppGuard,https://www.appguard.us/
MindLink Software,http://www.mindlinksoft.com
KYND,https://www.kynd.io/
"YouBase, Inc.",https://www.youbase.io
AppInsight,http://www.appinsight.co
Neustar,https://www.home.neustar
Forcepoint,https://www.forcepoint.com/
Cydarm,https://cydarm.com/
Ticto,http://www.ticto.com
IperLane,http://www.iperlane.com/
AaDya Security,https://www.aadyasecurity.com/
Sytorus,http://www.sytorus.com/
SignaCert,http://www.signacert.com
Nettoken,https://www.nettoken.io
ARCATrust,https://arcatrust.io/
SRI International,http://www.sri.com
Tu Identidad,https://www.tuidentidad.com/
Hmatix Inc,http://hmatix.com
Cryptolab Inc.,http://www.cryptolab.us/
RedLock,https://redlock.io/
WindTalker Security,http://www.windtalkersecurity.com
Freedom Capital Investment Management,http://www.freedomcapitalfunds.com
CYBERNETIQ,http://cybernetiq.ca
Narya Security,
xorlab,https://www.xorlab.com
"Zartech, Inc.",https://zartech.net/
Crypto Quantique,https://cryptoquantique.com/
SecureStack,https://securestack.com
Tangible Security,https://tangiblesecurity.com/
Agroninja,http://agroninja.com/
CyberMDX,https://cybermdx.com
Securosys SA,http://www.securosys.ch
Risk Ledger,https://www.riskledger.com
Meterian,https://www.meterian.io/
iXDen,https://www.ixden.com
Barricade IO,https://barricade.io
Storiant,http://storiant.com
Entegra Technologies,http://entegrablu.com
StopTheHacker,http://www.stopthehacker.com
Accushield,https://www.accushield.com/
Sentrix,http://www.sentrix.com/
Oxford BioChronometrics,http://www.oxford-biochron.com
Guardknox,https://www.guardknox.com
Liopa,http://www.liopa.co.uk
Foilchat Oy,http://www.foilchat.com
CipherLoc Corporation,https://cipherloc.net/
Virtual Software Systems(VS2),https://www.vs-2.com/#vs2
FTI Consulting,http://www.fticonsulting.com
Intrinsic,https://www.intrinsic.com
Suvola Corporation,http://www.suvola.com
drie Secure Systems,https://drie.co/
Luminate Security,https://luminate.io
BRIVAS,http://www.brivas.org
Orchid Labs,https://orchid.com
Excalibur,https://getexcalibur.com/
ThreatMark,https://www.threatmark.com
FireBlade,http://www.fireblade.com
Qubitekk,http://qubitekk.com/
Lexumo,https://lexumo.com/
Nova Leah,https://novaleah.com
Catbird Networks,http://www2.catbird.com/
Holm Security,https://www.holmsecurity.com
Valt.X Cyber Security,http://www.valtx.com
Baffin Bay Networks,https://www.baffinbaynetworks.com
Cambridge Blockchain,http://www.cambridge-blockchain.com/
Code Green Networks,http://www.codegreennetworks.com
Strongarm,https://www.strongarm.io
WOT Services,https://www.mywot.com/
Survela,https://survela.com
Impermium,http://www.impermium.com
Nanotech Security,http://www.nanosecurity.ca
Securosis,http://securosis.com
Uleska,https://www.uleska.com/
DBSec,http://www.dbsec.cn/
Hive.id,https://hive.id
BUDFOX MESSENGER LTD,https://www.budfox.io
Safetica Technologies,http://www.safetica.com
LockDown,https://www.getlockdown.com/
CloudMask,http://www.cloudmask.com
Inquisitive Systems,http://www.inquisitive-systems.com/
WatchGuard,http://www.watchguard.com
Zhitu Yuntian (c2sec),https://c2sec.cn/
CHEQ,https://www.cheq.ai/
WitFoo,https://www.witfoo.com/
Above Security,http://www.abovesecurity.com
Shift Cryptosecurity,https://shiftcrypto.ch/
nuPSYS,http://nupsys.com/
Gleam AI,https://gleam.ai/
"OpenAVN, Inc",https://openavn.org
IPR International,http://iprsecure.com
CloudCodes,http://www.cloudcodes.com
Netwrix,http://www.netwrix.com
Getmeins,https://getmeins.com/
ROMAD Cyber Systems,https://www.romadcyber.com
TokenOne,https://www.tokenone.com/
MazeBolt Technologies,https://www.mazebolt.com
Mi3 Security,http://mi3security.com/
Radio Physics Solutions,http://www.radiophysicssolutions.com
PrivateCore,http://www.privatecore.com
Trillium Secure,https://trilliumsecure.com
FileString,http://www.filestring.com
spotflux,http://www.spotflux.com
Cyber Innovative Technologies,https://www.cyberinnovativetech.com
DataNexus,http://www.DataNexus.org
Boxtrap Security,https://boxtrapsecurity.net/
TitanFile,http://www.titanfile.com/
Arxan Technologies,https://www.arxan.com
Malcovery Security,http://www.malcovery.com
SmartAxiom,https://www.smartaxiom.com
Bugbank,https://www.bugbank.cn/
Rejjee,http://www.rejjee.com
Moqom,http://moqom.com
AllDigital,http://www.alldigital.com
Digital Authentication Technologies,http://dathq.com
Remotium,http://www.remotium.com
Intigriti,https://www.intigriti.com
iJiami,http://www.ijiami.cn/
Trilogy Technologies,http://www.trilogytechnologies.com
myeasydocs,https://myeasydocs.com
Apility.io,https://apility.io
iQVCloud,http://www.iqvcloud.net
ThisData,https://thisdata.com
Premera Blue Cross,http://premeranews.com
DSwiss,https://www.dswiss.com
Threat X,https://www.threatx.com/
Intertech Security,http://intertechsecurity.com
ANOVA Intelligence,https://ANOVAintel.com
Fascent technologies,
NetScout Systems,http://www.netscout.com
BISEC,http://bi-sec.com
KineticFuse,https://kineticfuse.com/
Cybernetica,http://cyber.ee/
ExactTrak,http://www.exacttrak.com
Gurucul,http://www.gurucul.com
SECDO,http://www.sec.do
ColorTokens,https://colortokens.com/
EYL,http://www.eylpartners.com
Actifile,http://www.actifile.com/
Vault One,https://vaultone.com
OneSpan,https://www.onespan.com/
Oakwood,http://oakwoodsys.com
eSafe Global,http://www.esafeglobal.com/
Jiaotu Technology(Pepper Map Technology),https://www.yunsuo.com.cn/
AcceptLocal,https://www.acceptlocal.com/
Kolide,https://kolide.com
Madaster,https://www.madaster.com/en
BitSensor,https://bitsensor.io
TeliApp,http://teliapp.com
Fyde,https://www.fyde.com/
Morta Security,http://www.mortasecurity.com
CyberSense,http://cybersense360.com
Uppsala Foundation,
CoreTrace,http://coretrace.com
OnPath Technologies,http://www.onpathtech.com
Comilion,http://www.comilion.com
Ultra Auth,https://www.ultraauth.com/
Sher.ly,https://sher.ly
adbonitas,http://www.adbonitas.com
Fraudmarc,https://www.fraudmarc.com/
Deceptive Bytes,https://deceptivebytes.com
Victrio,http://www.victrio.com
CONNAX,http://connax.io/
CloudeAssurance,https://www.cloudeassurance.com
Digitary,http://www.digitary.net
BeSafe IO,https://besafe.io
Wispero,http://wispero.com
Inseptra Systems,http://www.inseptra.com
Aves Netsec,http://www.avesnetsec.com
QBRICS,http://qbrics.com
OPSWAT,http://www.opswat.com
Toka,http://tokagroup.com/
Sepio Systems,http://www.sepio.systems
Cowbell Cyber Inc,https://cowbellcyber.ai
Threshing Floor,https://threshingfloor.io/
CyberIQ Services,http://cyberiq.com
LoopKey,https://loopkey.com.br/en
Seclab,http://www.seclab-security.com/
Guardtime,https://guardtime.com
Barclays Ventures,https://home.barclays/news/2019/2/barclays-uk-ventures--developing-business-models-for-the-future-/
TruGrid,https://www.trugrid.com
NanoSec Co,https://www.nanosec.io
Templarbit,https://www.templarbit.com
Xopero,https://xopero.com
Fortify 24x7,https://www.fortify24x7.com
Essence,http://essence-grp.com/
DualSpark,http://www.dualspark.com
EntirID,https://www.entirid.com
Trineba Technologies Inc.,http://www.trineba.com
New Context,http://www.newcontext.com
Digital Immunity,http://www.digitalimmunity.com
Crypteia Networks,http://www.crypteianetworks.com
MTCaptcha,https://www.mtcaptcha.com
Cloak Labs,http://cloaklabs.com
StealthWorker,https://stealthworker.com
Global Velocity,http://www.globalvelocity.com
Shevirah,https://www.shevirah.com/
OxCEPT,http://oxcept.com/
Armour.io,http://www.armour.io
InnoSec,http://storm.innosec.com
Fundology,http://www.fundology.com
Prot-On,http://www.prot-on.com/tryIt.html
SiteSecure,https://sitesecure.ru/
Acumera,http://www.acumera.net/
qbound,https://www.qbound.io
Smart Orbis,http://www.smartorbis.com/
ThreatSpike Labs,https://www.threatspike.com
CyCognito,https://www.cycognito.com
Tripwire,http://www.tripwire.com
VisiTrend,
ECSC Group,https://www.ecsc.co.uk/
Nerd Junkie Inc,https://www.nerdjunkie.com
Intertrust,http://www.intertrust.com
Idaptive,https://www.idaptive.com
Mach 1 Development,http://www.mach1development.com
Sphere Secure Workspace,http://www.sphere.works
Jumble,https://www.jumble.io
AppsPicket,http://www.appspicket.com
Cypaw,https://www.cypaw.com
LuJam Internet Security,http://www.lujam.com/
Dathena Science,https://www.dathena.io
Daon,http://www.daon.com
InvizBox,https://www.invizbox.io/
Exeon Analytics,https://exeon-analytics.com/
Joy Shebao,https://www.joyshebao.com
PENTESTON,http://www.penteston.com/
StrikeForce Technologies,http://www.strikeforcetech.com
Protegrity,http://www.protegrity.com
Ohanae,http://www.ohanae.com
inCyber Compliance,https://incybercompliance.com
Bravatek,http://bravatek.com
Reblaze,http://www.reblaze.com
Trianz,http://www.trianz.com
Tiempo,http://www.tiempo-secure.com
uQontrol,http://qkey.com
Swiss Security Solutions,https://www.swiss-security-solutions.com
GeckoLife,http://www.GeckoLife.com
Oculis Labs,http://www.oculislabs.com
Allied Universal,http://www.aus.com
DomainTools,http://www.domaintools.com
WebTotem,https://wtotem.com
AuthMetrik,http://authmetrik.com
Center for Internet Security,http://cisecurity.org/
Prose Securities,http://www.prosegur.com/en/Acerca-de-Prosegur
AtCipher,https://atcipher.com
Badrap,https://badrap.io
